{"is_source_file": true, "format": "Python", "description": "This file defines a configuration settings class for a Python fastapi-based application, using pydantic for environment variable loading and validation. It includes fields for database URL, CORS origins, JWT secret keys, and token expiration parameters.", "external_files": ["pydantic", "pydantic_settings", "functools"], "external_methods": ["functools.lru_cache", "pydantic.Field", "pydantic_settings.BaseSettings"], "published": ["get_settings"], "classes": [{"name": "Settings", "description": "A pydantic BaseSettings subclass for managing application configuration loaded from environment variables."}], "methods": [{"name": "Settings get_settings()", "description": "A cached function returning a singleton instance of Settings, ensuring settings are loaded once and reused.", "scope": "", "scopeKind": ""}], "calls": ["functools.lru_cache", "pydantic.Field", "Settings()"], "search-terms": ["Settings", "config", "environment variables", "JWT_SECRET_KEY", "DATABASE_URL", "app_name", "app_version"], "state": 2, "file_id": 6, "knowledge_revision": 32, "git_revision": "b55b358a3b37510c4064a9cb2515e299ebbe655c", "revision_history": [{"19": "b55b358a3b37510c4064a9cb2515e299ebbe655c"}, {"32": "b55b358a3b37510c4064a9cb2515e299ebbe655c"}], "ctags": [{"_type": "tag", "name": "Settings", "path": "/home/kavia/workspace/code-generation/recipe-hub-201284-201294/recipe_backend/src/core/config.py", "pattern": "/^class Settings(BaseSettings):$/", "language": "Python", "kind": "class"}, {"_type": "tag", "name": "access_token_expire_minutes", "path": "/home/kavia/workspace/code-generation/recipe-hub-201284-201294/recipe_backend/src/core/config.py", "pattern": "/^    access_token_expire_minutes: int = Field($/", "language": "Python", "typeref": "typename:int", "kind": "variable", "scope": "Settings", "scopeKind": "class"}, {"_type": "tag", "name": "algorithm", "path": "/home/kavia/workspace/code-generation/recipe-hub-201284-201294/recipe_backend/src/core/config.py", "pattern": "/^    algorithm: str = Field($/", "language": "Python", "typeref": "typename:str", "kind": "variable", "scope": "Settings", "scopeKind": "class"}, {"_type": "tag", "name": "app_name", "path": "/home/kavia/workspace/code-generation/recipe-hub-201284-201294/recipe_backend/src/core/config.py", "pattern": "/^    app_name: str = Field(default=\"Recipe Hub API\", description=\"Human-friendly application name/", "language": "Python", "typeref": "typename:str", "kind": "variable", "scope": "Settings", "scopeKind": "class"}, {"_type": "tag", "name": "app_version", "path": "/home/kavia/workspace/code-generation/recipe-hub-201284-201294/recipe_backend/src/core/config.py", "pattern": "/^    app_version: str = Field(default=\"0.1.0\", description=\"Application version string.\")$/", "language": "Python", "typeref": "typename:str", "kind": "variable", "scope": "Settings", "scopeKind": "class"}, {"_type": "tag", "name": "cors_allow_origins", "path": "/home/kavia/workspace/code-generation/recipe-hub-201284-201294/recipe_backend/src/core/config.py", "pattern": "/^    cors_allow_origins: List[str] = Field($/", "language": "Python", "typeref": "typename:List[str]", "kind": "variable", "scope": "Settings", "scopeKind": "class"}, {"_type": "tag", "name": "database_url", "path": "/home/kavia/workspace/code-generation/recipe-hub-201284-201294/recipe_backend/src/core/config.py", "pattern": "/^    database_url: str = Field($/", "language": "Python", "typeref": "typename:str", "kind": "variable", "scope": "Settings", "scopeKind": "class"}, {"_type": "tag", "name": "get_settings", "path": "/home/kavia/workspace/code-generation/recipe-hub-201284-201294/recipe_backend/src/core/config.py", "pattern": "/^def get_settings() -> Settings:$/", "language": "Python", "typeref": "typename:Settings", "kind": "function", "signature": "()"}, {"_type": "tag", "name": "jwt_refresh_secret_key", "path": "/home/kavia/workspace/code-generation/recipe-hub-201284-201294/recipe_backend/src/core/config.py", "pattern": "/^    jwt_refresh_secret_key: str = Field($/", "language": "Python", "typeref": "typename:str", "kind": "variable", "scope": "Settings", "scopeKind": "class"}, {"_type": "tag", "name": "jwt_secret_key", "path": "/home/kavia/workspace/code-generation/recipe-hub-201284-201294/recipe_backend/src/core/config.py", "pattern": "/^    jwt_secret_key: str = Field($/", "language": "Python", "typeref": "typename:str", "kind": "variable", "scope": "Settings", "scopeKind": "class"}, {"_type": "tag", "name": "model_config", "path": "/home/kavia/workspace/code-generation/recipe-hub-201284-201294/recipe_backend/src/core/config.py", "pattern": "/^    model_config = SettingsConfigDict(env_file=\".env\", extra=\"ignore\")$/", "language": "Python", "kind": "variable", "scope": "Settings", "scopeKind": "class"}, {"_type": "tag", "name": "refresh_token_expire_minutes", "path": "/home/kavia/workspace/code-generation/recipe-hub-201284-201294/recipe_backend/src/core/config.py", "pattern": "/^    refresh_token_expire_minutes: int = Field($/", "language": "Python", "typeref": "typename:int", "kind": "variable", "scope": "Settings", "scopeKind": "class"}], "hash": "505e984de835e2ec3ba83eb407fb0c4b", "format-version": 4, "code-base-name": "recipe_backend", "filename": "recipe_backend/src/core/config.py", "fields": [{"name": "int access_token_expire_minutes", "scope": "Settings", "scopeKind": "class", "description": "unavailable"}, {"name": "str algorithm", "scope": "Settings", "scopeKind": "class", "description": "unavailable"}, {"name": "str app_name", "scope": "Settings", "scopeKind": "class", "description": "unavailable"}, {"name": "str app_version", "scope": "Settings", "scopeKind": "class", "description": "unavailable"}, {"name": "List[str] cors_allow_origins", "scope": "Settings", "scopeKind": "class", "description": "unavailable"}, {"name": "str database_url", "scope": "Settings", "scopeKind": "class", "description": "unavailable"}, {"name": "str jwt_refresh_secret_key", "scope": "Settings", "scopeKind": "class", "description": "unavailable"}, {"name": "str jwt_secret_key", "scope": "Settings", "scopeKind": "class", "description": "unavailable"}, {"name": "model_config = SettingsConfigDict(env_file=\".env\", extra=\"ignore\")", "scope": "Settings", "scopeKind": "class", "description": "unavailable"}, {"name": "int refresh_token_expire_minutes", "scope": "Settings", "scopeKind": "class", "description": "unavailable"}]}