{"is_source_file": false, "format": "", "description": "", "external_files": [], "external_methods": [], "published": [], "classes": [], "methods": [], "calls": [], "search-terms": [], "state": 2, "file_id": 11, "knowledge_revision": 28, "git_revision": "b55b358a3b37510c4064a9cb2515e299ebbe655c", "hash": "0fa9d54fa23867b757d89242fe173190", "format-version": 4, "code-base-name": "recipe_backend", "filename": "recipe_backend/alembic.ini", "revision_history": [{"28": "b55b358a3b37510c4064a9cb2515e299ebbe655c"}]}