{"is_source_file": true, "format": "Python", "description": "This script generates an OpenAPI schema from the FastAPI application and saves it as a JSON file in the 'interfaces' directory.", "external_files": ["src/api/main.py"], "external_methods": ["app.openapi()"], "published": [], "classes": [], "methods": [{"name": "openapi_schema", "description": "Holds the OpenAPI schema generated from the FastAPI app."}], "calls": ["app.openapi()", "os.makedirs()", "os.path.join()", "json.dump()"], "search-terms": ["generate_openapi", "OpenAPI schema", "interface", "fastapi"], "state": 2, "file_id": 2, "knowledge_revision": 23, "git_revision": "06690b2737a11436759220f3b4ab3d015f300520", "revision_history": [{"9": "06690b2737a11436759220f3b4ab3d015f300520"}, {"23": "06690b2737a11436759220f3b4ab3d015f300520"}], "ctags": [{"_type": "tag", "name": "openapi_schema", "path": "/home/kavia/workspace/code-generation/recipe-hub-201284-201294/recipe_backend/src/api/generate_openapi.py", "pattern": "/^openapi_schema = app.openapi()$/", "language": "Python", "kind": "variable"}, {"_type": "tag", "name": "output_dir", "path": "/home/kavia/workspace/code-generation/recipe-hub-201284-201294/recipe_backend/src/api/generate_openapi.py", "pattern": "/^output_dir = \"interfaces\"$/", "language": "Python", "kind": "variable"}, {"_type": "tag", "name": "output_path", "path": "/home/kavia/workspace/code-generation/recipe-hub-201284-201294/recipe_backend/src/api/generate_openapi.py", "pattern": "/^output_path = os.path.join(output_dir, \"openapi.json\")$/", "language": "Python", "kind": "variable"}], "hash": "61e3715e79bc397fab3e70f503a41417", "format-version": 4, "code-base-name": "recipe_backend", "filename": "recipe_backend/src/api/generate_openapi.py", "fields": [{"name": "openapi_schema = app.openapi()", "scope": "", "scopeKind": "", "description": "unavailable"}, {"name": "output_dir = \"interfaces\"", "scope": "", "scopeKind": "", "description": "unavailable"}, {"name": "output_path = os.path.join(output_dir, \"openapi.json\")", "scope": "", "scopeKind": "", "description": "unavailable"}]}