{"is_source_file": true, "format": "Python", "description": "This file defines a SQLAlchemy ORM model for a User entity, including its schema and metadata.", "external_files": ["src/core/db.py"], "external_methods": ["func.now()"], "published": ["User"], "classes": [{"name": "User", "description": "An ORM model representing a user with fields such as id, email, username, hashed_password, is_active, created_at, and updated_at."}], "methods": [{"name": "__init__", "description": "Default constructor for the User class (implicitly provided by dataclass behavior)."}], "calls": ["func.now()"], "search-terms": ["User ORM model", "SQLAlchemy", "models.py", "users", "Mapped", "mapped_column", "Base", "created_at", "updated_at"], "state": 2, "file_id": 9, "knowledge_revision": 33, "git_revision": "b55b358a3b37510c4064a9cb2515e299ebbe655c", "revision_history": [{"26": "b55b358a3b37510c4064a9cb2515e299ebbe655c"}, {"33": "b55b358a3b37510c4064a9cb2515e299ebbe655c"}], "ctags": [{"_type": "tag", "name": "User", "path": "/home/kavia/workspace/code-generation/recipe-hub-201284-201294/recipe_backend/src/domain/users/models.py", "pattern": "/^class User(Base):$/", "language": "Python", "kind": "class"}, {"_type": "tag", "name": "__tablename__", "path": "/home/kavia/workspace/code-generation/recipe-hub-201284-201294/recipe_backend/src/domain/users/models.py", "pattern": "/^    __tablename__ = \"users\"$/", "file": true, "language": "Python", "kind": "variable", "scope": "User", "scopeKind": "class"}, {"_type": "tag", "name": "created_at", "path": "/home/kavia/workspace/code-generation/recipe-hub-201284-201294/recipe_backend/src/domain/users/models.py", "pattern": "/^    created_at: Mapped[datetime] = mapped_column(DateTime(timezone=True), server_default=func.no/", "language": "Python", "typeref": "typename:Mapped[datetime]", "kind": "variable", "scope": "User", "scopeKind": "class"}, {"_type": "tag", "name": "email", "path": "/home/kavia/workspace/code-generation/recipe-hub-201284-201294/recipe_backend/src/domain/users/models.py", "pattern": "/^    email: Mapped[str] = mapped_column(String(255), unique=True, index=True, nullable=False)$/", "language": "Python", "typeref": "typename:Mapped[str]", "kind": "variable", "scope": "User", "scopeKind": "class"}, {"_type": "tag", "name": "hashed_password", "path": "/home/kavia/workspace/code-generation/recipe-hub-201284-201294/recipe_backend/src/domain/users/models.py", "pattern": "/^    hashed_password: Mapped[str] = mapped_column(String(255), nullable=False)$/", "language": "Python", "typeref": "typename:Mapped[str]", "kind": "variable", "scope": "User", "scopeKind": "class"}, {"_type": "tag", "name": "id", "path": "/home/kavia/workspace/code-generation/recipe-hub-201284-201294/recipe_backend/src/domain/users/models.py", "pattern": "/^    id: Mapped[str] = mapped_column(String(36), primary_key=True)$/", "language": "Python", "typeref": "typename:Mapped[str]", "kind": "variable", "scope": "User", "scopeKind": "class"}, {"_type": "tag", "name": "is_active", "path": "/home/kavia/workspace/code-generation/recipe-hub-201284-201294/recipe_backend/src/domain/users/models.py", "pattern": "/^    is_active: Mapped[bool] = mapped_column(Boolean, nullable=False, server_default=\"true\")$/", "language": "Python", "typeref": "typename:Mapped[bool]", "kind": "variable", "scope": "User", "scopeKind": "class"}, {"_type": "tag", "name": "updated_at", "path": "/home/kavia/workspace/code-generation/recipe-hub-201284-201294/recipe_backend/src/domain/users/models.py", "pattern": "/^    updated_at: Mapped[datetime] = mapped_column($/", "language": "Python", "typeref": "typename:Mapped[datetime]", "kind": "variable", "scope": "User", "scopeKind": "class"}, {"_type": "tag", "name": "username", "path": "/home/kavia/workspace/code-generation/recipe-hub-201284-201294/recipe_backend/src/domain/users/models.py", "pattern": "/^    username: Mapped[str | None] = mapped_column(String(50), unique=False, index=False, nullable/", "language": "Python", "typeref": "typename:Mapped[str | None]", "kind": "variable", "scope": "User", "scopeKind": "class"}], "hash": "7a3d0bac36f7329eaf5c9a1331222418", "format-version": 4, "code-base-name": "recipe_backend", "filename": "recipe_backend/src/domain/users/models.py", "fields": [{"name": "__tablename__ = \"users\"", "scope": "User", "scopeKind": "class", "description": "unavailable"}, {"name": "Mapped[datetime] created_at", "scope": "User", "scopeKind": "class", "description": "unavailable"}, {"name": "Mapped[str] email", "scope": "User", "scopeKind": "class", "description": "unavailable"}, {"name": "Mapped[str] hashed_password", "scope": "User", "scopeKind": "class", "description": "unavailable"}, {"name": "Mapped[str] id", "scope": "User", "scopeKind": "class", "description": "unavailable"}, {"name": "Mapped[bool] is_active", "scope": "User", "scopeKind": "class", "description": "unavailable"}, {"name": "Mapped[datetime] updated_at", "scope": "User", "scopeKind": "class", "description": "unavailable"}, {"name": "Mapped[str | None] username", "scope": "User", "scopeKind": "class", "description": "unavailable"}]}