{"is_source_file": true, "file_id": 9, "git_revision": "", "state": 1, "description": "", "external_files": [], "external_methods": [], "published": [], "classes": [], "methods": [], "calls": [], "search-terms": [], "ctags": [{"_type": "tag", "name": "User", "path": "/home/kavia/workspace/code-generation/recipe-hub-201284-201294/recipe_backend/src/domain/users/models.py", "pattern": "/^class User(Base):$/", "language": "Python", "kind": "class"}, {"_type": "tag", "name": "__tablename__", "path": "/home/kavia/workspace/code-generation/recipe-hub-201284-201294/recipe_backend/src/domain/users/models.py", "pattern": "/^    __tablename__ = \"users\"$/", "file": true, "language": "Python", "kind": "variable", "scope": "User", "scopeKind": "class"}, {"_type": "tag", "name": "created_at", "path": "/home/kavia/workspace/code-generation/recipe-hub-201284-201294/recipe_backend/src/domain/users/models.py", "pattern": "/^    created_at: Mapped[datetime] = mapped_column(DateTime(timezone=True), server_default=func.no/", "language": "Python", "typeref": "typename:Mapped[datetime]", "kind": "variable", "scope": "User", "scopeKind": "class"}, {"_type": "tag", "name": "email", "path": "/home/kavia/workspace/code-generation/recipe-hub-201284-201294/recipe_backend/src/domain/users/models.py", "pattern": "/^    email: Mapped[str] = mapped_column(String(255), unique=True, index=True, nullable=False)$/", "language": "Python", "typeref": "typename:Mapped[str]", "kind": "variable", "scope": "User", "scopeKind": "class"}, {"_type": "tag", "name": "id", "path": "/home/kavia/workspace/code-generation/recipe-hub-201284-201294/recipe_backend/src/domain/users/models.py", "pattern": "/^    id: Mapped[str] = mapped_column(String(36), primary_key=True)$/", "language": "Python", "typeref": "typename:Mapped[str]", "kind": "variable", "scope": "User", "scopeKind": "class"}, {"_type": "tag", "name": "updated_at", "path": "/home/kavia/workspace/code-generation/recipe-hub-201284-201294/recipe_backend/src/domain/users/models.py", "pattern": "/^    updated_at: Mapped[datetime] = mapped_column($/", "language": "Python", "typeref": "typename:Mapped[datetime]", "kind": "variable", "scope": "User", "scopeKind": "class"}], "format": "Python", "hash": "e8e1961013da4195e3a26535234c04d7", "format-version": 4, "code-base-name": "recipe_backend", "filename": "recipe_backend/src/domain/users/models.py", "knowledge_revision": 15}