{"is_source_file": true, "format": "Python", "description": "This is the __init__.py file for the backend package of Recipe Hub, containing application configuration, database wiring, domain models, and API route modules.", "external_files": [], "external_methods": [], "published": [], "classes": [], "methods": [], "calls": [], "search-terms": ["recipe_hub_backend", "application configuration", "database wiring", "domain models", "API routes"], "state": 2, "file_id": 5, "knowledge_revision": 13, "git_revision": "", "ctags": [], "hash": "e33dc37068f80e28c9ffbe8f7347cfd4", "format-version": 4, "code-base-name": "recipe_backend", "filename": "recipe_backend/src/__init__.py", "revision_history": [{"13": ""}]}