{"is_source_file": true, "format": "Python", "description": "This file is the main entry point of a FastAPI-based backend service, setting up the application, middleware, routes, and health check endpoints.", "external_files": ["src.api.auth", "src.core.config", "src.core.db"], "external_methods": ["get_settings", "get_db_session"], "published": ["app"], "classes": [], "methods": [{"name": "FastAPI create_app()", "description": "Creates and configures a FastAPI application with middleware, routes, and health check endpoints.", "scope": "", "scopeKind": ""}, {"name": "health_check(db: AsyncSession = Depends(get_db_session))", "scope": "create_app", "scopeKind": "function", "description": "unavailable"}, {"name": "legacy_health_check()", "scope": "create_app", "scopeKind": "function", "description": "unavailable"}], "calls": ["get_settings()", "app.add_middleware()", "app.include_router()", "app.get()", "db.execute()"], "search-terms": ["FastAPI main application setup", "health check endpoints", "CORS middleware configuration", "authentication router inclusion", "async database health query"], "state": 2, "file_id": 4, "knowledge_revision": 37, "git_revision": "b55b358a3b37510c4064a9cb2515e299ebbe655c", "revision_history": [{"7": "06690b2737a11436759220f3b4ab3d015f300520"}, {"22": "b55b358a3b37510c4064a9cb2515e299ebbe655c"}, {"37": "b55b358a3b37510c4064a9cb2515e299ebbe655c"}], "ctags": [{"_type": "tag", "name": "app", "path": "/home/kavia/workspace/code-generation/recipe-hub-201284-201294/recipe_backend/src/api/main.py", "pattern": "/^app = create_app()$/", "language": "Python", "kind": "variable"}, {"_type": "tag", "name": "auth_router", "path": "/home/kavia/workspace/code-generation/recipe-hub-201284-201294/recipe_backend/src/api/main.py", "pattern": "/^from src.api.auth import router as auth_router$/", "language": "Python", "kind": "unknown", "nameref": "unknown:router"}, {"_type": "tag", "name": "create_app", "path": "/home/kavia/workspace/code-generation/recipe-hub-201284-201294/recipe_backend/src/api/main.py", "pattern": "/^def create_app() -> FastAPI:$/", "language": "Python", "typeref": "typename:FastAPI", "kind": "function", "signature": "()"}, {"_type": "tag", "name": "health_check", "path": "/home/kavia/workspace/code-generation/recipe-hub-201284-201294/recipe_backend/src/api/main.py", "pattern": "/^    async def health_check(db: AsyncSession = Depends(get_db_session)):$/", "file": true, "language": "Python", "kind": "function", "signature": "(db: AsyncSession = Depends(get_db_session))", "scope": "create_app", "scopeKind": "function"}, {"_type": "tag", "name": "legacy_health_check", "path": "/home/kavia/workspace/code-generation/recipe-hub-201284-201294/recipe_backend/src/api/main.py", "pattern": "/^    async def legacy_health_check():$/", "file": true, "language": "Python", "kind": "function", "signature": "()", "scope": "create_app", "scopeKind": "function"}], "hash": "a57af4037637d3510b333baddf3b67ae", "format-version": 4, "code-base-name": "recipe_backend", "filename": "recipe_backend/src/api/main.py", "fields": [{"name": "app = create_app()", "scope": "", "scopeKind": "", "description": "unavailable"}]}