{"is_source_file": true, "file_id": 12, "git_revision": "", "state": 1, "description": "", "external_files": [], "external_methods": [], "published": [], "classes": [], "methods": [], "calls": [], "search-terms": [], "ctags": [{"_type": "tag", "name": "_users_models", "path": "/home/kavia/workspace/code-generation/recipe-hub-201284-201294/recipe_backend/alembic/env.py", "pattern": "/^from src.domain.users import models as _users_models  # noqa: F401$/", "language": "Python", "kind": "unknown", "nameref": "unknown:models"}, {"_type": "tag", "name": "config", "path": "/home/kavia/workspace/code-generation/recipe-hub-201284-201294/recipe_backend/alembic/env.py", "pattern": "/^config = context.config$/", "language": "Python", "kind": "variable"}, {"_type": "tag", "name": "do_run_migrations", "path": "/home/kavia/workspace/code-generation/recipe-hub-201284-201294/recipe_backend/alembic/env.py", "pattern": "/^def do_run_migrations(connection: Connection) -> None:$/", "language": "Python", "typeref": "typename:None", "kind": "function", "signature": "(connection: Connection)"}, {"_type": "tag", "name": "get_url", "path": "/home/kavia/workspace/code-generation/recipe-hub-201284-201294/recipe_backend/alembic/env.py", "pattern": "/^def get_url() -> str:$/", "language": "Python", "typeref": "typename:str", "kind": "function", "signature": "()"}, {"_type": "tag", "name": "run_migrations_offline", "path": "/home/kavia/workspace/code-generation/recipe-hub-201284-201294/recipe_backend/alembic/env.py", "pattern": "/^def run_migrations_offline() -> None:$/", "language": "Python", "typeref": "typename:None", "kind": "function", "signature": "()"}, {"_type": "tag", "name": "run_migrations_online", "path": "/home/kavia/workspace/code-generation/recipe-hub-201284-201294/recipe_backend/alembic/env.py", "pattern": "/^async def run_migrations_online() -> None:$/", "language": "Python", "typeref": "typename:None", "kind": "function", "signature": "()"}, {"_type": "tag", "name": "target_metadata", "path": "/home/kavia/workspace/code-generation/recipe-hub-201284-201294/recipe_backend/alembic/env.py", "pattern": "/^target_metadata = Base.metadata$/", "language": "Python", "kind": "variable"}], "format": "Python", "hash": "9c2863408f613ed1307ab3ba0eb25d62", "format-version": 4, "code-base-name": "recipe_backend", "filename": "recipe_backend/alembic/env.py", "knowledge_revision": 18}