{"is_source_file": true, "file_id": 10, "git_revision": "", "state": 1, "description": "", "external_files": [], "external_methods": [], "published": [], "classes": [], "methods": [], "calls": [], "search-terms": [], "ctags": [{"_type": "tag", "name": "UserCreate", "path": "/home/kavia/workspace/code-generation/recipe-hub-201284-201294/recipe_backend/src/domain/users/schemas.py", "pattern": "/^class UserCreate(BaseModel):$/", "language": "Python", "kind": "class"}, {"_type": "tag", "name": "UserRead", "path": "/home/kavia/workspace/code-generation/recipe-hub-201284-201294/recipe_backend/src/domain/users/schemas.py", "pattern": "/^class UserRead(BaseModel):$/", "language": "Python", "kind": "class"}, {"_type": "tag", "name": "created_at", "path": "/home/kavia/workspace/code-generation/recipe-hub-201284-201294/recipe_backend/src/domain/users/schemas.py", "pattern": "/^    created_at: datetime = Field(..., description=\"Timestamp when the user was created.\")$/", "language": "Python", "typeref": "typename:datetime", "kind": "variable", "scope": "UserRead", "scopeKind": "class"}, {"_type": "tag", "name": "email", "path": "/home/kavia/workspace/code-generation/recipe-hub-201284-201294/recipe_backend/src/domain/users/schemas.py", "pattern": "/^    email: str = Field(..., description=\"User email address.\")$/", "language": "Python", "typeref": "typename:str", "kind": "variable", "scope": "UserCreate", "scopeKind": "class"}, {"_type": "tag", "name": "email", "path": "/home/kavia/workspace/code-generation/recipe-hub-201284-201294/recipe_backend/src/domain/users/schemas.py", "pattern": "/^    email: str = Field(..., description=\"User email address.\")$/", "language": "Python", "typeref": "typename:str", "kind": "variable", "scope": "UserRead", "scopeKind": "class"}, {"_type": "tag", "name": "id", "path": "/home/kavia/workspace/code-generation/recipe-hub-201284-201294/recipe_backend/src/domain/users/schemas.py", "pattern": "/^    id: str = Field(..., description=\"User identifier (UUID string).\")$/", "language": "Python", "typeref": "typename:str", "kind": "variable", "scope": "UserCreate", "scopeKind": "class"}, {"_type": "tag", "name": "id", "path": "/home/kavia/workspace/code-generation/recipe-hub-201284-201294/recipe_backend/src/domain/users/schemas.py", "pattern": "/^    id: str = Field(..., description=\"User identifier (UUID string).\")$/", "language": "Python", "typeref": "typename:str", "kind": "variable", "scope": "UserRead", "scopeKind": "class"}, {"_type": "tag", "name": "updated_at", "path": "/home/kavia/workspace/code-generation/recipe-hub-201284-201294/recipe_backend/src/domain/users/schemas.py", "pattern": "/^    updated_at: datetime = Field(..., description=\"Timestamp when the user was last updated.\")$/", "language": "Python", "typeref": "typename:datetime", "kind": "variable", "scope": "UserRead", "scopeKind": "class"}], "format": "Python", "hash": "c33f53dec9461cb6addc71d759fc436a", "format-version": 4, "code-base-name": "recipe_backend", "filename": "recipe_backend/src/domain/users/schemas.py", "knowledge_revision": 16}