{"is_source_file": true, "file_id": 8, "git_revision": "", "state": 1, "description": "", "external_files": [], "external_methods": [], "published": [], "classes": [], "methods": [], "calls": [], "search-terms": [], "ctags": [{"_type": "tag", "name": "CurrentUser", "path": "/home/kavia/workspace/code-generation/recipe-hub-201284-201294/recipe_backend/src/core/auth.py", "pattern": "/^class CurrentUser:$/", "language": "Python", "kind": "class"}, {"_type": "tag", "name": "email", "path": "/home/kavia/workspace/code-generation/recipe-hub-201284-201294/recipe_backend/src/core/auth.py", "pattern": "/^    email: Optional[str] = None$/", "language": "Python", "typeref": "typename:Optional[str]", "kind": "variable", "scope": "CurrentUser", "scopeKind": "class"}, {"_type": "tag", "name": "get_current_user", "path": "/home/kavia/workspace/code-generation/recipe-hub-201284-201294/recipe_backend/src/core/auth.py", "pattern": "/^async def get_current_user(authorization: str | None = Header(default=None)) -> CurrentUser:$/", "language": "Python", "typeref": "typename:CurrentUser", "kind": "function", "signature": "(authorization: str | None = Header(default=None))"}], "format": "Python", "hash": "21b806b61c0478ee4919ec9dc65fa1b1", "format-version": 4, "code-base-name": "recipe_backend", "filename": "recipe_backend/src/core/auth.py", "knowledge_revision": 14}