{"is_source_file": true, "format": "Python", "description": "This file is part of Alembic migration setup for SQLAlchemy, responsible for configuring and running database migrations asynchronously or offline.", "external_files": ["alembic", "sqlalchemy", "src.core.config", "src.core.db", "src.domain.users.models"], "external_methods": ["get_settings", "Base.metadata", "context.config", "fileConfig", "context.configure", "context.begin_transaction", "context.run_migrations", "async_engine_from_config", "connection.run_sync", "connectable.dispose", "context.is_offline_mode", "asyncio.run"], "published": [], "classes": [], "methods": [{"name": "str get_url()", "description": "Fetches the database URL from application settings.", "scope": "", "scopeKind": ""}, {"name": "None run_migrations_offline()", "description": "Handles database migrations in offline mode without a live connection.", "scope": "", "scopeKind": ""}, {"name": "None do_run_migrations(connection: Connection)", "description": "Executes migrations using a given database connection.", "scope": "", "scopeKind": ""}, {"name": "None run_migrations_online()", "description": "Handles database migrations in online mode using asynchronous database engine.", "scope": "", "scopeKind": ""}], "calls": ["context.configure", "context.begin_transaction", "context.run_migrations", "async_engine_from_config", "connection.run_sync", "connectable.dispose", "asyncio.run"], "search-terms": ["alembic", "async_engine_from_config", "run_migrations_online", "run_migrations_offline", "Base.metadata", "context", "migrations", "alembic.env"], "state": 2, "file_id": 12, "knowledge_revision": 29, "git_revision": "b55b358a3b37510c4064a9cb2515e299ebbe655c", "ctags": [{"_type": "tag", "name": "_users_models", "path": "/home/kavia/workspace/code-generation/recipe-hub-201284-201294/recipe_backend/alembic/env.py", "pattern": "/^from src.domain.users import models as _users_models  # noqa: F401$/", "language": "Python", "kind": "unknown", "nameref": "unknown:models"}, {"_type": "tag", "name": "config", "path": "/home/kavia/workspace/code-generation/recipe-hub-201284-201294/recipe_backend/alembic/env.py", "pattern": "/^config = context.config$/", "language": "Python", "kind": "variable"}, {"_type": "tag", "name": "do_run_migrations", "path": "/home/kavia/workspace/code-generation/recipe-hub-201284-201294/recipe_backend/alembic/env.py", "pattern": "/^def do_run_migrations(connection: Connection) -> None:$/", "language": "Python", "typeref": "typename:None", "kind": "function", "signature": "(connection: Connection)"}, {"_type": "tag", "name": "get_url", "path": "/home/kavia/workspace/code-generation/recipe-hub-201284-201294/recipe_backend/alembic/env.py", "pattern": "/^def get_url() -> str:$/", "language": "Python", "typeref": "typename:str", "kind": "function", "signature": "()"}, {"_type": "tag", "name": "run_migrations_offline", "path": "/home/kavia/workspace/code-generation/recipe-hub-201284-201294/recipe_backend/alembic/env.py", "pattern": "/^def run_migrations_offline() -> None:$/", "language": "Python", "typeref": "typename:None", "kind": "function", "signature": "()"}, {"_type": "tag", "name": "run_migrations_online", "path": "/home/kavia/workspace/code-generation/recipe-hub-201284-201294/recipe_backend/alembic/env.py", "pattern": "/^async def run_migrations_online() -> None:$/", "language": "Python", "typeref": "typename:None", "kind": "function", "signature": "()"}, {"_type": "tag", "name": "target_metadata", "path": "/home/kavia/workspace/code-generation/recipe-hub-201284-201294/recipe_backend/alembic/env.py", "pattern": "/^target_metadata = Base.metadata$/", "language": "Python", "kind": "variable"}], "hash": "9c2863408f613ed1307ab3ba0eb25d62", "format-version": 4, "code-base-name": "recipe_backend", "filename": "recipe_backend/alembic/env.py", "fields": [{"name": "config = context.config", "scope": "", "scopeKind": "", "description": "unavailable"}, {"name": "target_metadata = Base.metadata", "scope": "", "scopeKind": "", "description": "unavailable"}], "revision_history": [{"29": "b55b358a3b37510c4064a9cb2515e299ebbe655c"}]}