{"is_source_file": false, "format": "", "description": "", "external_files": [], "external_methods": [], "published": [], "classes": [], "methods": [], "calls": [], "search-terms": [], "state": 2, "file_id": 13, "knowledge_revision": 30, "git_revision": "b55b358a3b37510c4064a9cb2515e299ebbe655c", "ctags": [], "hash": "5f0eca43cdfe3a202c433461abb6adfb", "format-version": 4, "code-base-name": "recipe_backend", "filename": "recipe_backend/src/domain/__init__.py", "revision_history": [{"30": "b55b358a3b37510c4064a9cb2515e299ebbe655c"}]}