{"is_source_file": true, "format": "Python", "description": "This file appears to be an __init__.py file for the users domain module in a Python project, likely used for package initialization.", "external_files": [], "external_methods": [], "published": [], "classes": [], "methods": [], "calls": [], "search-terms": ["users", "domain", "package initialization", "module"], "state": 2, "file_id": 14, "knowledge_revision": 31, "git_revision": "b55b358a3b37510c4064a9cb2515e299ebbe655c", "ctags": [], "hash": "1bd1f13b60ff0779f054f352ee70aec0", "format-version": 4, "code-base-name": "recipe_backend", "filename": "recipe_backend/src/domain/users/__init__.py", "revision_history": [{"31": "b55b358a3b37510c4064a9cb2515e299ebbe655c"}]}