{"is_source_file": true, "format": "Python", "description": "This file sets up a FastAPI web application with CORS middleware and a health check endpoint.", "external_files": ["fastapi", "fastapi.middleware.cors"], "external_methods": ["FastAPI", "CORSMiddleware", "add_middleware", "app.get"], "published": ["app"], "classes": [], "methods": [{"name": "health_check()", "description": "A simple endpoint to check if the server is operational, returns a JSON message indicating health status.", "scope": "", "scopeKind": ""}], "calls": ["app.add_middleware", "app.get"], "search-terms": ["FastAPI", "CORSMiddleware", "health check", "CORS", "API endpoint", "main.py"], "state": 2, "file_id": 4, "knowledge_revision": 7, "git_revision": "06690b2737a11436759220f3b4ab3d015f300520", "ctags": [{"_type": "tag", "name": "app", "path": "/home/kavia/workspace/code-generation/recipe-hub-201284-201294/recipe_backend/src/api/main.py", "pattern": "/^app = FastAPI()$/", "language": "Python", "kind": "variable"}, {"_type": "tag", "name": "health_check", "path": "/home/kavia/workspace/code-generation/recipe-hub-201284-201294/recipe_backend/src/api/main.py", "pattern": "/^def health_check():$/", "language": "Python", "kind": "function", "signature": "()"}], "hash": "58352bf5f133908bab16643199aa483d", "format-version": 4, "code-base-name": "recipe_backend", "filename": "recipe_backend/src/api/main.py", "fields": [{"name": "app = FastAPI()", "scope": "", "scopeKind": "", "description": "unavailable"}], "revision_history": [{"7": "06690b2737a11436759220f3b4ab3d015f300520"}]}