{"is_source_file": true, "file_id": 7, "git_revision": "", "state": 1, "description": "", "external_files": [], "external_methods": [], "published": [], "classes": [], "methods": [], "calls": [], "search-terms": [], "ctags": [{"_type": "tag", "name": "Base", "path": "/home/kavia/workspace/code-generation/recipe-hub-201284-201294/recipe_backend/src/core/db.py", "pattern": "/^class Base(DeclarativeBase):$/", "language": "Python", "kind": "class"}, {"_type": "tag", "name": "SessionLocal", "path": "/home/kavia/workspace/code-generation/recipe-hub-201284-201294/recipe_backend/src/core/db.py", "pattern": "/^SessionLocal: async_sessionmaker[AsyncSession] = async_sessionmaker($/", "language": "Python", "typeref": "typename:async_sessionmaker[AsyncSession]", "kind": "variable"}, {"_type": "tag", "name": "_create_engine", "path": "/home/kavia/workspace/code-generation/recipe-hub-201284-201294/recipe_backend/src/core/db.py", "pattern": "/^def _create_engine() -> AsyncEngine:$/", "language": "Python", "typeref": "typename:AsyncEngine", "kind": "function", "signature": "()"}, {"_type": "tag", "name": "engine", "path": "/home/kavia/workspace/code-generation/recipe-hub-201284-201294/recipe_backend/src/core/db.py", "pattern": "/^engine: AsyncEngine = _create_engine()$/", "language": "Python", "typeref": "typename:AsyncEngine", "kind": "variable"}, {"_type": "tag", "name": "get_db_session", "path": "/home/kavia/workspace/code-generation/recipe-hub-201284-201294/recipe_backend/src/core/db.py", "pattern": "/^async def get_db_session() -> AsyncGenerator[AsyncSession, None]:$/", "language": "Python", "typeref": "typename:AsyncGenerator[AsyncSession,None]", "kind": "function", "signature": "()"}], "format": "Python", "hash": "6af266b5511457a45c32ed4fd3005578", "format-version": 4, "code-base-name": "recipe_backend", "filename": "recipe_backend/src/core/db.py", "knowledge_revision": 12}