{"is_source_file": true, "format": "Python", "description": "This file contains Pydantic data models for user-related schemas in a backend system, including user data representation, registration, login, token management, and refresh token payloads.", "external_files": ["pydantic", "datetime"], "external_methods": [], "published": ["UserRead", "RegisterRequest", "LoginRequest", "TokenPair", "RefreshRequest"], "classes": [{"name": "UserRead", "description": "Represents public user information with fields such as id, email, username, activity status, and timestamps."}, {"name": "RegisterRequest", "description": "Defines the registration data payload including email, password, and optional username."}, {"name": "LoginRequest", "description": "Defines the login data payload with email and password."}, {"name": "TokenPair", "description": "Contains access and refresh tokens along with token type and expiry information."}, {"name": "RefreshRequest", "description": "Represents the payload used to request a token refresh with a refresh token."}], "methods": [], "calls": [], "search-terms": ["pydantic", "schemas", "UserRead", "TokenPair", "RefreshRequest"], "state": 2, "file_id": 10, "knowledge_revision": 34, "git_revision": "b55b358a3b37510c4064a9cb2515e299ebbe655c", "revision_history": [{"27": "b55b358a3b37510c4064a9cb2515e299ebbe655c"}, {"34": "b55b358a3b37510c4064a9cb2515e299ebbe655c"}], "ctags": [{"_type": "tag", "name": "LoginRequest", "path": "/home/kavia/workspace/code-generation/recipe-hub-201284-201294/recipe_backend/src/domain/users/schemas.py", "pattern": "/^class LoginRequest(BaseModel):$/", "language": "Python", "kind": "class"}, {"_type": "tag", "name": "RefreshRequest", "path": "/home/kavia/workspace/code-generation/recipe-hub-201284-201294/recipe_backend/src/domain/users/schemas.py", "pattern": "/^class RefreshRequest(BaseModel):$/", "language": "Python", "kind": "class"}, {"_type": "tag", "name": "RegisterRequest", "path": "/home/kavia/workspace/code-generation/recipe-hub-201284-201294/recipe_backend/src/domain/users/schemas.py", "pattern": "/^class RegisterRequest(BaseModel):$/", "language": "Python", "kind": "class"}, {"_type": "tag", "name": "TokenPair", "path": "/home/kavia/workspace/code-generation/recipe-hub-201284-201294/recipe_backend/src/domain/users/schemas.py", "pattern": "/^class TokenPair(BaseModel):$/", "language": "Python", "kind": "class"}, {"_type": "tag", "name": "UserRead", "path": "/home/kavia/workspace/code-generation/recipe-hub-201284-201294/recipe_backend/src/domain/users/schemas.py", "pattern": "/^class UserRead(BaseModel):$/", "language": "Python", "kind": "class"}, {"_type": "tag", "name": "access_token", "path": "/home/kavia/workspace/code-generation/recipe-hub-201284-201294/recipe_backend/src/domain/users/schemas.py", "pattern": "/^    access_token: str = Field(..., description=\"Short-lived access token (JWT).\")$/", "language": "Python", "typeref": "typename:str", "kind": "variable", "scope": "TokenPair", "scopeKind": "class"}, {"_type": "tag", "name": "created_at", "path": "/home/kavia/workspace/code-generation/recipe-hub-201284-201294/recipe_backend/src/domain/users/schemas.py", "pattern": "/^    created_at: datetime = Field(..., description=\"Timestamp when the user was created.\")$/", "language": "Python", "typeref": "typename:datetime", "kind": "variable", "scope": "UserRead", "scopeKind": "class"}, {"_type": "tag", "name": "email", "path": "/home/kavia/workspace/code-generation/recipe-hub-201284-201294/recipe_backend/src/domain/users/schemas.py", "pattern": "/^    email: EmailStr = Field(..., description=\"User email address.\")$/", "language": "Python", "typeref": "typename:EmailStr", "kind": "variable", "scope": "LoginRequest", "scopeKind": "class"}, {"_type": "tag", "name": "email", "path": "/home/kavia/workspace/code-generation/recipe-hub-201284-201294/recipe_backend/src/domain/users/schemas.py", "pattern": "/^    email: EmailStr = Field(..., description=\"User email address.\")$/", "language": "Python", "typeref": "typename:EmailStr", "kind": "variable", "scope": "RegisterRequest", "scopeKind": "class"}, {"_type": "tag", "name": "email", "path": "/home/kavia/workspace/code-generation/recipe-hub-201284-201294/recipe_backend/src/domain/users/schemas.py", "pattern": "/^    email: EmailStr = Field(..., description=\"User email address.\")$/", "language": "Python", "typeref": "typename:EmailStr", "kind": "variable", "scope": "UserRead", "scopeKind": "class"}, {"_type": "tag", "name": "expires_in", "path": "/home/kavia/workspace/code-generation/recipe-hub-201284-201294/recipe_backend/src/domain/users/schemas.py", "pattern": "/^    expires_in: int = Field(..., description=\"Access token lifetime in seconds.\")$/", "language": "Python", "typeref": "typename:int", "kind": "variable", "scope": "TokenPair", "scopeKind": "class"}, {"_type": "tag", "name": "id", "path": "/home/kavia/workspace/code-generation/recipe-hub-201284-201294/recipe_backend/src/domain/users/schemas.py", "pattern": "/^    id: str = Field(..., description=\"User identifier (UUID string).\")$/", "language": "Python", "typeref": "typename:str", "kind": "variable", "scope": "UserRead", "scopeKind": "class"}, {"_type": "tag", "name": "is_active", "path": "/home/kavia/workspace/code-generation/recipe-hub-201284-201294/recipe_backend/src/domain/users/schemas.py", "pattern": "/^    is_active: bool = Field(..., description=\"Whether the user is active.\")$/", "language": "Python", "typeref": "typename:bool", "kind": "variable", "scope": "UserRead", "scopeKind": "class"}, {"_type": "tag", "name": "password", "path": "/home/kavia/workspace/code-generation/recipe-hub-201284-201294/recipe_backend/src/domain/users/schemas.py", "pattern": "/^    password: str = Field(..., description=\"User password.\")$/", "language": "Python", "typeref": "typename:str", "kind": "variable", "scope": "LoginRequest", "scopeKind": "class"}, {"_type": "tag", "name": "password", "path": "/home/kavia/workspace/code-generation/recipe-hub-201284-201294/recipe_backend/src/domain/users/schemas.py", "pattern": "/^    password: str = Field(..., min_length=8, description=\"User password (min 8 characters).\")$/", "language": "Python", "typeref": "typename:str", "kind": "variable", "scope": "RegisterRequest", "scopeKind": "class"}, {"_type": "tag", "name": "refresh_token", "path": "/home/kavia/workspace/code-generation/recipe-hub-201284-201294/recipe_backend/src/domain/users/schemas.py", "pattern": "/^    refresh_token: str = Field(..., description=\"Long-lived refresh token (JWT).\")$/", "language": "Python", "typeref": "typename:str", "kind": "variable", "scope": "TokenPair", "scopeKind": "class"}, {"_type": "tag", "name": "refresh_token", "path": "/home/kavia/workspace/code-generation/recipe-hub-201284-201294/recipe_backend/src/domain/users/schemas.py", "pattern": "/^    refresh_token: str = Field(..., description=\"Refresh token (JWT).\")$/", "language": "Python", "typeref": "typename:str", "kind": "variable", "scope": "RefreshRequest", "scopeKind": "class"}, {"_type": "tag", "name": "token_type", "path": "/home/kavia/workspace/code-generation/recipe-hub-201284-201294/recipe_backend/src/domain/users/schemas.py", "pattern": "/^    token_type: str = Field(default=\"bearer\", description=\"Token type (always 'bearer').\")$/", "language": "Python", "typeref": "typename:str", "kind": "variable", "scope": "TokenPair", "scopeKind": "class"}, {"_type": "tag", "name": "updated_at", "path": "/home/kavia/workspace/code-generation/recipe-hub-201284-201294/recipe_backend/src/domain/users/schemas.py", "pattern": "/^    updated_at: datetime = Field(..., description=\"Timestamp when the user was last updated.\")$/", "language": "Python", "typeref": "typename:datetime", "kind": "variable", "scope": "UserRead", "scopeKind": "class"}], "hash": "d91882d001192b823020c7984212f99a", "format-version": 4, "code-base-name": "recipe_backend", "filename": "recipe_backend/src/domain/users/schemas.py", "fields": [{"name": "str access_token", "scope": "TokenPair", "scopeKind": "class", "description": "unavailable"}, {"name": "datetime created_at", "scope": "UserRead", "scopeKind": "class", "description": "unavailable"}, {"name": "EmailStr email", "scope": "LoginRequest", "scopeKind": "class", "description": "unavailable"}, {"name": "int expires_in", "scope": "TokenPair", "scopeKind": "class", "description": "unavailable"}, {"name": "str id", "scope": "UserRead", "scopeKind": "class", "description": "unavailable"}, {"name": "bool is_active", "scope": "UserRead", "scopeKind": "class", "description": "unavailable"}, {"name": "str password", "scope": "LoginRequest", "scopeKind": "class", "description": "unavailable"}, {"name": "str refresh_token", "scope": "TokenPair", "scopeKind": "class", "description": "unavailable"}, {"name": "str token_type", "scope": "TokenPair", "scopeKind": "class", "description": "unavailable"}, {"name": "datetime updated_at", "scope": "UserRead", "scopeKind": "class", "description": "unavailable"}]}