{"is_source_file": true, "format": "Python", "description": "This file configures and creates database sessions for a Python application using SQLAlchemy's async ORM. It defines the base class for ORM models, sets up an asynchronous engine, and provides a dependency function for FastAPI to acquire database sessions.", "external_files": ["src.core.config", "sqlalchemy.ext.asyncio", "collections.abc"], "external_methods": ["get_settings", "create_async_engine"], "published": ["engine", "SessionLocal", "get_db_session"], "classes": [{"name": "Base", "description": "Base class for all SQLAlchemy ORM models, providing a declarative base for model definitions."}], "methods": [{"name": "AsyncEngine _create_engine()", "description": "Creates and returns an asynchronous SQLAlchemy engine using configuration settings.", "scope": "", "scopeKind": ""}, {"name": "AsyncGenerator[AsyncSession,None] get_db_session()", "description": "FastAPI dependency that provides an asynchronous database session.", "scope": "", "scopeKind": ""}], "calls": ["get_settings", "create_async_engine", "async_sessionmaker", "async with SessionLocal()", "yield session"], "search-terms": ["db.py", "SQLAlchemy async engine", "FastAPI database dependency", "async_sessionmaker", "DeclarativeBase", "create_async_engine"], "state": 2, "file_id": 7, "knowledge_revision": 24, "git_revision": "b55b358a3b37510c4064a9cb2515e299ebbe655c", "ctags": [{"_type": "tag", "name": "Base", "path": "/home/kavia/workspace/code-generation/recipe-hub-201284-201294/recipe_backend/src/core/db.py", "pattern": "/^class Base(DeclarativeBase):$/", "language": "Python", "kind": "class"}, {"_type": "tag", "name": "SessionLocal", "path": "/home/kavia/workspace/code-generation/recipe-hub-201284-201294/recipe_backend/src/core/db.py", "pattern": "/^SessionLocal: async_sessionmaker[AsyncSession] = async_sessionmaker($/", "language": "Python", "typeref": "typename:async_sessionmaker[AsyncSession]", "kind": "variable"}, {"_type": "tag", "name": "_create_engine", "path": "/home/kavia/workspace/code-generation/recipe-hub-201284-201294/recipe_backend/src/core/db.py", "pattern": "/^def _create_engine() -> AsyncEngine:$/", "language": "Python", "typeref": "typename:AsyncEngine", "kind": "function", "signature": "()"}, {"_type": "tag", "name": "engine", "path": "/home/kavia/workspace/code-generation/recipe-hub-201284-201294/recipe_backend/src/core/db.py", "pattern": "/^engine: AsyncEngine = _create_engine()$/", "language": "Python", "typeref": "typename:AsyncEngine", "kind": "variable"}, {"_type": "tag", "name": "get_db_session", "path": "/home/kavia/workspace/code-generation/recipe-hub-201284-201294/recipe_backend/src/core/db.py", "pattern": "/^async def get_db_session() -> AsyncGenerator[AsyncSession, None]:$/", "language": "Python", "typeref": "typename:AsyncGenerator[AsyncSession,None]", "kind": "function", "signature": "()"}], "hash": "6af266b5511457a45c32ed4fd3005578", "format-version": 4, "code-base-name": "recipe_backend", "filename": "recipe_backend/src/core/db.py", "fields": [{"name": "async_sessionmaker[AsyncSession] SessionLocal", "scope": "", "scopeKind": "", "description": "unavailable"}, {"name": "AsyncEngine engine", "scope": "", "scopeKind": "", "description": "unavailable"}], "revision_history": [{"24": "b55b358a3b37510c4064a9cb2515e299ebbe655c"}]}