{"is_source_file": true, "file_id": 6, "git_revision": "", "state": 3, "description": "", "external_files": [], "external_methods": [], "published": [], "classes": [], "methods": [], "calls": [], "search-terms": [], "ctags": [{"_type": "tag", "name": "Settings", "path": "/home/kavia/workspace/code-generation/recipe-hub-201284-201294/recipe_backend/src/core/config.py", "pattern": "/^class Settings(BaseSettings):$/", "language": "Python", "kind": "class"}, {"_type": "tag", "name": "app_name", "path": "/home/kavia/workspace/code-generation/recipe-hub-201284-201294/recipe_backend/src/core/config.py", "pattern": "/^    app_name: str = Field(default=\"Recipe Hub API\", description=\"Human-friendly application name/", "language": "Python", "typeref": "typename:str", "kind": "variable", "scope": "Settings", "scopeKind": "class"}, {"_type": "tag", "name": "app_version", "path": "/home/kavia/workspace/code-generation/recipe-hub-201284-201294/recipe_backend/src/core/config.py", "pattern": "/^    app_version: str = Field(default=\"0.1.0\", description=\"Application version string.\")$/", "language": "Python", "typeref": "typename:str", "kind": "variable", "scope": "Settings", "scopeKind": "class"}, {"_type": "tag", "name": "auth_jwt_algorithm", "path": "/home/kavia/workspace/code-generation/recipe-hub-201284-201294/recipe_backend/src/core/config.py", "pattern": "/^    auth_jwt_algorithm: str = Field($/", "language": "Python", "typeref": "typename:str", "kind": "variable", "scope": "Settings", "scopeKind": "class"}, {"_type": "tag", "name": "auth_jwt_secret", "path": "/home/kavia/workspace/code-generation/recipe-hub-201284-201294/recipe_backend/src/core/config.py", "pattern": "/^    auth_jwt_secret: str = Field($/", "language": "Python", "typeref": "typename:str", "kind": "variable", "scope": "Settings", "scopeKind": "class"}, {"_type": "tag", "name": "cors_allow_origins", "path": "/home/kavia/workspace/code-generation/recipe-hub-201284-201294/recipe_backend/src/core/config.py", "pattern": "/^    cors_allow_origins: List[str] = Field($/", "language": "Python", "typeref": "typename:List[str]", "kind": "variable", "scope": "Settings", "scopeKind": "class"}, {"_type": "tag", "name": "database_url", "path": "/home/kavia/workspace/code-generation/recipe-hub-201284-201294/recipe_backend/src/core/config.py", "pattern": "/^    database_url: str = Field($/", "language": "Python", "typeref": "typename:str", "kind": "variable", "scope": "Settings", "scopeKind": "class"}, {"_type": "tag", "name": "get_settings", "path": "/home/kavia/workspace/code-generation/recipe-hub-201284-201294/recipe_backend/src/core/config.py", "pattern": "/^def get_settings() -> Settings:$/", "language": "Python", "typeref": "typename:Settings", "kind": "function", "signature": "()"}, {"_type": "tag", "name": "model_config", "path": "/home/kavia/workspace/code-generation/recipe-hub-201284-201294/recipe_backend/src/core/config.py", "pattern": "/^    model_config = SettingsConfigDict(env_file=\".env\", extra=\"ignore\")$/", "language": "Python", "kind": "variable", "scope": "Settings", "scopeKind": "class"}], "format": "Python", "hash": "3a5a73d22c9066340fc241d3a98e82ea", "format-version": 4, "code-base-name": "recipe_backend", "filename": "recipe_backend/src/core/config.py", "knowledge_revision": 11}