{"is_source_file": true, "file_id": 15, "git_revision": "", "state": 3, "description": "", "external_files": [], "external_methods": [], "published": [], "classes": [], "methods": [], "calls": [], "search-terms": [], "ctags": [{"_type": "tag", "name": "login", "path": "/home/kavia/workspace/code-generation/recipe-hub-201284-201294/recipe_backend/src/api/auth.py", "pattern": "/^async def login(payload: LoginRequest, db: AsyncSession = Depends(get_db_session)) -> TokenPair:$/", "language": "Python", "typeref": "typename:TokenPair", "kind": "function", "signature": "(payload: LoginRequest, db: AsyncSession = Depends(get_db_session))"}, {"_type": "tag", "name": "me", "path": "/home/kavia/workspace/code-generation/recipe-hub-201284-201294/recipe_backend/src/api/auth.py", "pattern": "/^async def me($/", "language": "Python", "typeref": "typename:UserRead", "kind": "function", "signature": "( current_user=Depends(get_current_user), db: AsyncSession = Depends(get_db_session), )"}, {"_type": "tag", "name": "refresh", "path": "/home/kavia/workspace/code-generation/recipe-hub-201284-201294/recipe_backend/src/api/auth.py", "pattern": "/^async def refresh(payload: RefreshRequest, db: AsyncSession = Depends(get_db_session)) -> TokenP/", "language": "Python", "typeref": "typename:TokenPair", "kind": "function", "signature": "(payload: RefreshRequest, db: AsyncSession = Depends(get_db_session))"}, {"_type": "tag", "name": "register", "path": "/home/kavia/workspace/code-generation/recipe-hub-201284-201294/recipe_backend/src/api/auth.py", "pattern": "/^async def register(payload: RegisterRequest, db: AsyncSession = Depends(get_db_session)) -> User/", "language": "Python", "typeref": "typename:UserRead", "kind": "function", "signature": "(payload: RegisterRequest, db: AsyncSession = Depends(get_db_session))"}, {"_type": "tag", "name": "router", "path": "/home/kavia/workspace/code-generation/recipe-hub-201284-201294/recipe_backend/src/api/auth.py", "pattern": "/^router = APIRouter(prefix=\"\\/auth\", tags=[\"auth\"])$/", "language": "Python", "kind": "variable"}], "format": "Python", "hash": "118356931da9cdd3c8bfea00b30da30d", "format-version": 4, "code-base-name": "recipe_backend", "filename": "recipe_backend/src/api/auth.py", "knowledge_revision": 36}